,Districts,Neighborhoods,lat,lng
0,楠梓區,清豐里,22.74535495,120.32990519763827
1,楠梓區,東寧里,22.73357185,120.3299304226049
2,楠梓區,五常里,22.7284469,120.33399401117613
3,楠梓區,享平里,22.72945035,120.32949681898597
4,楠梓區,中陽里,22.7226619,120.32778640484337
5,楠梓區,惠楠里,22.72646415,120.32428916536473
6,楠梓區,惠民里,22.730264,120.32295577494449
7,楠梓區,惠豐里,22.72723965,120.31996755255106
8,楠梓區,錦屏里,22.7173612,120.31132620101522
9,楠梓區,玉屏里,22.71535175,120.31538523593284
10,楠梓區,金田里,22.723355050000002,120.31732044632926
11,楠梓區,稔田里,22.7143764,120.32540825032336
12,楠梓區,瑞屏里,22.723159850000002,120.30664813612456
13,楠梓區,翠屏里,22.727678750000003,120.304491964746
14,楠梓區,宏南里,22.7074396,120.31198069869492
15,楠梓區,宏毅里,22.71556865,120.30744174558524
16,楠梓區,宏榮里,22.712696200000003,120.30265502964295
17,楠梓區,廣昌里,22.7068953,120.28576329755896
18,楠梓區,久昌里,22.7092326,120.2842618937234
19,楠梓區,大昌里,22.706893049999998,120.29005213913794
20,楠梓區,福昌里,22.71421995,120.28394711812292
21,楠梓區,盛昌里,22.7074857,120.2785818404212
22,楠梓區,泰昌里,22.714208300000003,120.28526198181993
23,楠梓區,興昌里,22.71634285,120.28636272543467
24,楠梓區,建昌里,22.713128849999997,120.29060846058688
25,楠梓區,宏昌里,22.7180007,120.29357086555811
26,楠梓區,和昌里,22.7084057,120.29479219854855
27,楠梓區,慶昌里,22.71054015,120.29791218248957
28,楠梓區,隆昌里,22.7115863,120.2936032734878
29,楠梓區,秀昌里,22.71292575,120.29622630580315
30,楠梓區,裕昌里,22.717457000000003,120.28837205094712
31,楠梓區,國昌里,22.7213998,120.28675773760256
32,楠梓區,加昌里,22.71925435,120.29711011617442
33,楠梓區,仁昌里,22.7238969,120.29434402153896
34,楠梓區,藍田里,22.7301088,120.28668328257159
35,楠梓區,中興里,22.7247864,120.28021441065776
36,楠梓區,中和里,22.7236893,120.26884665504784
37,左營區,進學里,22.691389100000002,120.29499999242694
38,左營區,尾西里,22.6890355,120.29334655669354
39,左營區,頂北里,22.6875502,120.29251420386225
40,左營區,中北里,22.686250549999997,120.29327926048637
41,左營區,中南里,22.6847469,120.29408302433916
42,左營區,廟東里,22.6864154,120.29497247045973
43,左營區,廟北里,22.687490699999998,120.29537310043884
44,左營區,尾南里,22.68855305,120.29667957437054
45,左營區,尾北里,22.6890862,120.30560411549702
46,左營區,屏山里,22.6933694,120.30087016576198
47,左營區,祥和里,22.69365495,120.30439643497559
48,左營區,永清里,22.697096600000002,120.29699015706785
49,左營區,莒光里,22.706762349999998,120.29499418177858
50,左營區,光輝里,22.70776295,120.29745367449159
51,左營區,合群里,22.69890555,120.28940192929194
52,左營區,明建里,22.69599465,120.28055404346557
53,左營區,頂西里,22.68649255,120.29112175806699
54,左營區,聖后里,22.684988099999998,120.29180665671294
55,左營區,聖西里,22.6833083,120.29218845062529
56,左營區,聖南里,22.6842392,120.28999623371159
57,左營區,城南里,22.682584849999998,120.2898764217292
58,左營區,路東里,22.684374650000002,120.28856986097557
59,左營區,廍北里,22.68582585,120.28838620211376
60,左營區,廍南里,22.68307575,120.2871733765414
61,左營區,埤西里,22.681266049999998,120.28829445758598
62,左營區,埤北里,22.679201,120.28956566199014
63,左營區,埤東里,22.67810085,120.29402887810795
64,左營區,海勝里,22.6728005,120.29042356607721
65,左營區,崇實里,22.679851900000003,120.27542175741746
66,左營區,自助里,22.67458765,120.28640943567207
67,左營區,果貿里,22.6714855,120.28796308696143
68,左營區,果惠里,22.67026,120.28786597283236
69,左營區,果峰里,22.6691827,120.28817186633071
70,左營區,新下里,22.672211750000002,120.29781589147983
71,左營區,新上里,22.6615713,120.30713861759749
72,左營區,新中里,22.6700662,120.30927847919583
73,左營區,新光里,22.67715295,120.30342371733681
74,左營區,菜公里,22.67982085,120.30965744344002
75,左營區,福山里,22.68626185,120.31780609713634
76,三民區,鼎金里,22.6665354,120.32861138505626
77,三民區,鼎盛里,22.675767999999998,120.32462333768797
78,三民區,鼎強里,22.672514,120.32633320485786
79,三民區,鼎力里,22.670063149999997,120.31932560338984
80,三民區,鼎西里,22.6633419,120.32515878513041
81,三民區,鼎中里,22.6639297,120.32056890203334
82,三民區,鼎泰里,22.6639819,120.31567167172005
83,三民區,本館里,22.65596085,120.33143061791151
84,三民區,本和里,22.656902600000002,120.32599887322814
85,三民區,本文里,22.653541150000002,120.32547150106288
86,三民區,本武里,22.6510789,120.33182431035576
87,三民區,本元里,22.6523158,120.33434713849027
88,三民區,本安里,22.6491771,120.33850360393598
89,三民區,本上里,22.64601125,120.34073067445203
90,三民區,本揚里,22.6452289,120.34513184788214
91,三民區,寶獅里,22.63698995,120.3344656486737
92,三民區,寶德里,22.6402895,120.33471395981138
93,三民區,寶泰里,22.6429604,120.3328965601353
94,三民區,寶興里,22.643513050000003,120.32928210987336
95,三民區,寶中里,22.643395050000002,120.3246781911926
96,三民區,寶華里,22.637754049999998,120.34253626115535
97,三民區,寶國里,22.6413446,120.33946722723951
98,三民區,寶民里,22.6358824,120.34093348100001
99,三民區,寶慶里,22.6383876,120.3388141455604
100,三民區,寶業里,22.639495150000002,120.34563793620764
101,三民區,寶盛里,22.63784055,120.32833319598534
102,三民區,寶安里,22.64058875,120.32834390827024
103,三民區,寶龍里,22.64556865,120.32379039521817
104,三民區,寶珠里,22.64904425,120.32835665520852
105,三民區,寶玉里,22.64757635,120.3341550116109
106,三民區,灣子里,22.655668300000002,120.31786826663654
107,三民區,灣愛里,22.6587556,120.3198417095821
108,三民區,灣中里,22.6495904,120.31891850023439
109,三民區,灣華里,22.650756649999998,120.32133574392036
110,三民區,灣勝里,22.6521756,120.32219085066072
111,三民區,灣利里,22.65332915,120.32341449309303
112,三民區,灣復里,22.650412799999998,120.3160001008995
113,三民區,灣興里,22.65357315,120.31107145361781
114,三民區,灣成里,22.6560255,120.32178727373656
115,三民區,正興里,22.6462103,120.3190912038607
116,三民區,正順里,22.64829115,120.32307056619146
117,三民區,安康里,22.639552600000002,120.31807369513878
118,三民區,安寧里,22.639683599999998,120.31529206634096
119,三民區,安吉里,22.6433152,120.31606878379017
120,三民區,安發里,22.6409347,120.32105349857571
121,三民區,安東里,22.64843145,120.30728728229397
122,三民區,安和里,22.64822625,120.3043923086359
123,三民區,達德里,22.64316925,120.30517102184875
124,三民區,達明里,22.6445594,120.3052651500978
125,三民區,達仁里,22.64180415,120.30509907170864
126,三民區,達勇里,22.640325400000002,120.30440933590718
127,三民區,同德里,22.6412771,120.31270170206717
128,三民區,德智里,22.64301415,120.30942702329065
129,三民區,德仁里,22.6405246,120.30921644180913
130,三民區,安生里,22.6473843,120.31150476713282
131,三民區,德東里,22.643662300000003,120.29844298708369
132,三民區,德行里,22.6434591,120.30129186366236
133,三民區,精華里,22.64217115,120.30002882834152
134,三民區,民享里,22.64491845,120.30020425413204
135,三民區,安宜里,22.65004225,120.29688839950305
136,三民區,安泰里,22.6507371,120.30185633814838
137,三民區,安邦里,22.64693235,120.29751233418874
138,三民區,十全里,22.6435446,120.293523579435
139,三民區,十美里,22.6437476,120.29633185707007
140,三民區,德北里,22.64019355,120.29397852391517
141,三民區,立誠里,22.6410662,120.29937442294151
142,三民區,立業里,22.64066845,120.29777212237371
143,三民區,港東里,22.637089500000002,120.30557847971957
144,三民區,港新里,22.63521905,120.31619456332866
145,三民區,港西里,22.638156600000002,120.30181917103059
146,三民區,博愛里,22.6382096,120.31023210838777
147,三民區,博惠里,22.6362524,120.31739158265657
148,三民區,長明里,22.63861205,120.30505088060988
149,三民區,建東里,22.63797585,120.2982666175471
150,三民區,興德里,22.6363087,120.2950521432303
151,三民區,鳳南里,22.63555835,120.29237750400219
152,三民區,鳳北里,22.63825935,120.29417432742332
153,三民區,德西里,22.6445449,120.28874663182444
154,三民區,豐裕里,22.6392325,120.28998900750561
155,三民區,川東里,22.643457050000002,120.28431855468696
156,三民區,裕民里,22.63887455,120.285469388942
157,三民區,力行里,22.63953515,120.28718356927845
158,三民區,千歲里,22.63496655,120.2905702829814
159,三民區,立德里,22.63342925,120.28733710854746
160,三民區,千北里,22.63612075,120.28914624755133
161,三民區,千秋里,22.6365562,120.28677799698616
162,新興區,大明里,22.6298097,120.30060259776332
163,新興區,中東里,22.631778750000002,120.30925318054153
164,新興區,仁聲里,22.62905695,120.30752502687852
165,新興區,文昌里,22.63150785,120.31539827009706
166,新興區,正氣里,22.62267545,120.30748936399479
167,新興區,永寧里,22.626279,120.30615307249226
168,新興區,玉衡里,22.62493965,120.30293124128607
169,新興區,光耀里,22.62922065,120.3117788129043
170,新興區,成功里,22.6326314,120.30596863053148
171,新興區,明莊里,22.6316675,120.30036277629556
172,新興區,東坡里,22.6301688,120.30314682253479
173,新興區,長驛里,22.63296555,120.29894278950488
174,新興區,南港里,22.6353965,120.30674040892579
175,新興區,建華里,22.6352338,120.30044705092061
176,新興區,建興里,22.635012,120.29812307351818
177,新興區,秋山里,22.63331255,120.30077598530082
178,新興區,振成里,22.62301325,120.30325800241667
179,新興區,振華里,22.621465,120.30385133090974
180,新興區,浩然里,22.62421705,120.30838571423105
181,新興區,華聲里,22.6278884,120.3056994939857
182,新興區,開平里,22.63598465,120.31115570597066
183,新興區,順昌里,22.634784449999998,120.31491283383295
184,新興區,愛平里,22.63209865,120.30333089583587
185,新興區,新江里,22.63555345,120.30361617224199
186,新興區,榮治里,22.62755505,120.2995295486806
187,新興區,漢民里,22.6281521,120.30296150505274
188,新興區,德生里,22.62688955,120.31009642595802
189,新興區,德政里,22.6302212,120.30657966773535
190,新興區,德望里,22.62924375,120.30903918477776
191,新興區,黎明里,22.633711050000002,120.30345349594555
192,新興區,興昌里,22.631728250000002,120.3118418404809
193,新興區,蕉園里,22.630012999999998,120.30523588682678
194,前金區,三川里,22.63473585,120.29684426577785
195,前金區,文西里,22.62043965,120.29820678363907
196,前金區,文東里,22.620784649999997,120.30048507594286
197,前金區,北金里,22.63353235,120.2931624067342
198,前金區,民生里,22.62814795,120.29524435605988
199,前金區,東金里,22.630105999999998,120.29447831077658
200,前金區,林投里,22.627240299999997,120.29198925004276
201,前金區,社西里,22.62330915,120.29203053100693
202,前金區,社東里,22.62391345,120.2948711673411
203,前金區,長生里,22.62475845,120.29829143447876
204,前金區,長城里,22.63417935,120.29514227380807
205,前金區,長興里,22.6306667,120.29725151511002
206,前金區,青山里,22.62900985,120.29789490753463
207,前金區,後金里,22.6295978,120.29025304196429
208,前金區,草江里,22.63239315,120.29658684128587
209,前金區,國民里,22.625134850000002,120.29230547094437
210,前金區,博孝里,22.6215283,120.29246931357645
211,前金區,復元里,22.62651985,120.29641861292271
212,前金區,新生里,22.632656599999997,120.2899968339785
213,前金區,榮復里,22.6194683,120.2965639428908
214,鼓山區,鼓峰里,22.6672494,120.28677826649155
215,鼓山區,平和里,22.651155000000003,120.27769049982388
216,鼓山區,正德里,22.648995149999998,120.27016017094604
217,鼓山區,河邊里,22.63957555,120.28284243581382
218,鼓山區,山下里,22.629443100000003,120.27968814090251
219,鼓山區,興宗里,22.63551185,120.2778864030343
220,鼓山區,寶樹里,22.6375248,120.28131452735609
221,鼓山區,樹德里,22.64126975,120.27984926482634
222,鼓山區,鼓岩里,22.640801949999997,120.27220574267537
223,鼓山區,忠正里,22.65508615,120.27710456171027
224,鼓山區,建國里,22.658227099999998,120.27728010849341
225,鼓山區,壽山里,22.6252809,120.26980425104895
226,鼓山區,民族里,22.6643866,120.28071673237285
227,鼓山區,前峰里,22.6643866,120.28389066596132
228,鼓山區,龍水里,22.6556816,120.28698258553655
229,鼓山區,龍井里,22.65910125,120.2662804637697
230,鼓山區,龍子里,22.6552971,120.3004603288677
231,鼓山區,綠川里,22.63603465,120.28383763404457
232,鼓山區,裕豐里,22.6671355,120.29274963831432
233,鼓山區,裕興里,22.6695085,120.2915767472792
234,鼓山區,新民里,22.62348505,120.27336879452449
235,鼓山區,維生里,22.617011849999997,120.27416146238366
236,鼓山區,雄峰里,22.6682422,120.284334914223
237,鼓山區,惠安里,22.62301925,120.27106330995474
238,鼓山區,明誠里,22.663156,120.2979038083639
239,鼓山區,自強里,22.66513045,120.27241687577728
240,鼓山區,光榮里,22.6584633,120.28063215056861
241,鼓山區,光化里,22.632581100000003,120.27949030841694
242,鼓山區,民強里,22.652305050000002,120.28028218475845
243,鼓山區,哨船頭里,22.6199796,120.26861990200715
244,鼓山區,內惟里,22.661279800000003,120.27892859352261
245,鼓山區,桃源里,22.6457111,120.25969341707267
246,鼓山區,延平里,22.62101195,120.27207224313725
247,鼓山區,麗興里,22.6174498,120.28140369552693
248,鼓山區,峰南里,22.63032735,120.27344346603434
249,鼓山區,登山里,22.627659899999998,120.27589115674988
250,鼓山區,華豐里,22.668641049999998,120.29528286049461
251,鼓山區,厚生里,22.64627075,120.27928526482597
252,苓雅區,人和里,22.61845255,120.30137205531005
253,苓雅區,中正里,22.6267113,120.31691297240947
254,苓雅區,仁政里,22.6185081,120.30403001918037
255,苓雅區,日中里,22.61731155,120.30908253181114
256,苓雅區,田西里,22.6178611,120.29824949003759
257,苓雅區,光華里,22.616130650000002,120.31892921065517
258,苓雅區,同慶里,22.62621665,120.3213167353231
259,苓雅區,安祥里,22.6314747,120.31929155022671
260,苓雅區,尚義里,22.62935505,120.31583817581063
261,苓雅區,林中里,22.6212144,120.31902345845889
262,苓雅區,林安里,22.6261892,120.31282508537046
263,苓雅區,林西里,22.620368,120.3205790659124
264,苓雅區,林南里,22.6236584,120.31807116810589
265,苓雅區,林泉里,22.62266845,120.3184687307172
266,苓雅區,林圍里,22.6246345,120.31343088159895
267,苓雅區,林富里,22.62211215,120.31438301387288
268,苓雅區,林華里,22.617636750000003,120.32146892671744
269,苓雅區,林貴里,22.61722735,120.32354540236125
270,苓雅區,林榮里,22.6171511,120.32560192112922
271,苓雅區,林德里,22.6216345,120.32309336564023
272,苓雅區,林興里,22.618090000000002,120.31941011460077
273,苓雅區,城北里,22.6132565,120.29896948396323
274,苓雅區,城西里,22.6148343,120.30038500997355
275,苓雅區,城東里,22.615034700000002,120.30269036870604
276,苓雅區,美田里,22.62049295,120.30622578021351
277,苓雅區,英明里,22.61343495,120.32628408941002
278,苓雅區,苓中里,22.61510785,120.2933409572799
279,苓雅區,苓昇里,22.61669195,120.29419586883495
280,苓雅區,苓東里,22.61277295,120.29370467469425
281,苓雅區,苓洲里,22.61846925,120.29310530376705
282,苓雅區,苓雅里,22.61541625,120.29618909007354
283,苓雅區,凱旋里,22.628722500000002,120.32035699826616
284,苓雅區,博仁里,22.61998765,120.29223304840943
285,苓雅區,普天里,22.618987750000002,120.31562035603497
286,苓雅區,普照里,22.6186679,120.31193141753259
287,苓雅區,晴朗里,22.6211503,120.31141106310858
288,苓雅區,華堂里,22.6165132,120.30704359521322
289,苓雅區,意誠里,22.6123296,120.30240372716307
290,苓雅區,鼓中里,22.61630425,120.29885598328568
291,苓雅區,廣澤里,22.6158456,120.30505013499422
292,苓雅區,五福里,22.6339289,120.32833027950048
293,苓雅區,五權里,22.63196425,120.32293819959574
294,苓雅區,文昌里,22.633572,120.33903165259237
295,苓雅區,正大里,22.6297739,120.33293881670593
296,苓雅區,正仁里,22.630657,120.33912343249801
297,苓雅區,正心里,22.63339705,120.33237765576038
298,苓雅區,正文里,22.631876050000002,120.32773534561997
299,苓雅區,正言里,22.630384,120.32669741208778
300,苓雅區,正義里,22.62728615,120.33921565289577
301,苓雅區,正道里,22.633602250000003,120.3355779285875
302,苓雅區,民主里,22.63566405,120.3230729454043
303,苓雅區,永康里,22.6270695,120.33052614038647
304,苓雅區,林靖里,22.622759350000003,120.32586270841098
305,苓雅區,奏捷里,22.62672035,120.32482854679438
306,苓雅區,建軍里,22.632458800000002,120.34185137956422
307,苓雅區,朝陽里,22.618629149999997,120.32665555536728
308,苓雅區,福人里,22.62160485,120.33274418116798
309,苓雅區,福地里,22.6197041,120.33301895402828
310,苓雅區,福西里,22.625420849999998,120.33393520316355
311,苓雅區,福居里,22.6193758,120.33527318573914
312,苓雅區,福東里,22.6198022,120.33780518742
313,苓雅區,福南里,22.628542,120.32566924165454
314,苓雅區,福海里,22.62147275,120.33030483909943
315,苓雅區,福康里,22.6197041,120.33058820217283
316,苓雅區,福祥里,22.6236819,120.32881568341013
317,苓雅區,福隆里,22.61925035,120.32828897862271
318,苓雅區,福壽里,22.626323300000003,120.32798508913291
319,苓雅區,衛武里,22.6259851,120.34328509561514
320,鹽埕區,藍橋里,22.6327958,120.28424190775877
321,鹽埕區,慈愛里,22.63141105,120.28272216422737
322,鹽埕區,壽星里,22.630317599999998,120.28570244425453
323,鹽埕區,博愛里,22.62982645,120.28175333757684
324,鹽埕區,中山里,22.62780425,120.28226920932568
325,鹽埕區,教仁里,22.62588005,120.28011843091781
326,鹽埕區,新樂里,22.62475075,120.2834199617296
327,鹽埕區,中原里,22.627135850000002,120.28317268229551
328,鹽埕區,光明里,22.62461155,120.28692089329067
329,鹽埕區,育仁里,22.622812250000003,120.28804073499326
330,鹽埕區,河濱里,22.621525849999998,120.28404463528267
331,鹽埕區,沙地里,22.6182758,120.28827266305692
332,鹽埕區,南端里,22.62004845,120.28593184512462
333,鹽埕區,港都里,22.6232967,120.28073701687092
334,鹽埕區,江西里,22.62417035,120.27882630843203
335,鹽埕區,新豐里,22.621740350000003,120.27874348022821
336,鹽埕區,府北里,22.6283131,120.28562867581715
337,鹽埕區,陸橋里,22.628461,120.28093086420299
338,鹽埕區,瀨南里,22.62685045,120.28456026522267
339,鹽埕區,新化里,22.61995195,120.28151241006537
340,鹽埕區,江南里,22.6229014,120.28241846596767
341,前鎮區,草衙里,22.57393285,120.32329919463733
342,前鎮區,明孝里,22.56810435,120.31607298401605
343,前鎮區,明義里,22.5758785,120.32885214938324
344,前鎮區,明正里,22.5819536,120.33121461812758
345,前鎮區,明道里,22.58305785,120.32101469248754
346,前鎮區,明禮里,22.58475995,120.32447218871044
347,前鎮區,仁愛里,22.58061915,120.31510762471481
348,前鎮區,德昌里,22.5805967,120.31949619899306
349,前鎮區,平等里,22.58811685,120.32092946336425
350,前鎮區,平昌里,22.58647435,120.31752987190444
351,前鎮區,信義里,22.5844619,120.31560217347737
352,前鎮區,信德里,22.58594975,120.31641774418668
353,前鎮區,興化里,22.57904915,120.30687914812279
354,前鎮區,興仁里,22.58669785,120.31160867127005
355,前鎮區,興邦里,22.5976696,120.30937275855521
356,前鎮區,前鎮里,22.5889321,120.3081576421088
357,前鎮區,鎮榮里,22.5897987,120.31091530722554
358,前鎮區,鎮昌里,22.590019499999997,120.31378149775429
359,前鎮區,鎮海里,22.590603,120.31747726182167
360,前鎮區,鎮陽里,22.591587699999998,120.30797717798508
361,前鎮區,鎮中里,22.58849005,120.30628279898382
362,前鎮區,鎮北里,22.59651985,120.29628213320612
363,前鎮區,鎮東里,22.59236105,120.31051753874522
364,旗津區,上竹里,22.581353800000002,120.29384313374294
365,旗津區,中興里,20.690098149999997,116.77896918347425
366,旗津區,安順里,22.5718735,120.30156420427974
367,旗津區,復興里,22.60400525,120.27429242449261
368,旗津區,實踐里,22.606390349999998,120.27735195033998
369,旗津區,中洲里,22.575580549999998,120.29970799902458
370,旗津區,永安里,22.612078949999997,120.26635731373847
371,旗津區,南汕里,22.59261495,120.28540458307026
372,旗津區,慈愛里,22.6103701,120.27110285120938
373,旗津區,中華里,22.605749199999998,120.27135572596328
374,旗津區,北汕里,22.6006866,120.2794500013355
375,旗津區,振興里,22.612427150000002,120.26959230915199
376,旗津區,旗下里,22.6153211,120.26494682790002
377,小港區,小港里,22.557403100000002,120.3372747306708
378,小港區,港正里,22.5617162,120.33435324576381
379,小港區,港明里,22.56881935,120.33207915756171
380,小港區,港墘里,22.56652955,120.33414299059052
381,小港區,港口里,22.560408950000003,120.32561978157135
382,小港區,港后里,22.5708529,120.33489972659802
383,小港區,港南里,22.566781900000002,120.33785252131567
384,小港區,港興里,22.56671875,120.342352060333
385,小港區,鳳宮里,22.5477624,120.34931045533011
386,小港區,店鎮里,22.558393449999997,120.36433464562336
387,小港區,大苓里,22.56838755,120.34724879181098
388,小港區,二苓里,22.56434775,120.35448049085576
389,小港區,三苓里,22.566615050000003,120.34868661540673
390,小港區,正苓里,22.5669521,120.35327492134222
391,小港區,順苓里,22.567821000000002,120.35651011773041
392,小港區,六苓里,22.567821000000002,120.35987052588307
393,小港區,山東里,22.571766699999998,120.34914801946307
394,小港區,青島里,22.573113499999998,120.35537518238698
395,小港區,濟南里,22.573113499999998,120.35902079399327
396,小港區,泰山里,22.5717805,120.36352629818887
397,小港區,山明里,22.5620095,120.366536
398,小港區,高松里,22.57433785,120.37970327660943
399,小港區,松金里,22.5717805,120.36816005681695
400,小港區,松山里,22.567863000000003,120.37654171868633
401,小港區,孔宅里,22.581474,120.37323351046544
402,小港區,廈莊里,22.5787321,120.3604484551438
403,小港區,合作里,22.57830575,120.36398350061837
404,小港區,桂林里,22.57925615,120.3539479560455
405,小港區,中厝里,22.5778954,120.34376576713129
406,小港區,大坪里,22.562104050000002,120.3846262494996
407,小港區,坪頂里,22.54549375,120.38839996530714
408,小港區,鳳森里,22.5345626,120.3344921173151
409,小港區,鳳林里,22.52608415,120.3459085658275
410,小港區,鳳興里,22.5191676,120.34634573903314
411,小港區,鳳源里,22.523403000000002,120.3398223332772
412,小港區,鳳鳴里,22.517899,120.36302449690315
413,小港區,龍鳳里,22.521403399999997,120.36045980714667
414,鳳山區,鳳崗里,22.628176449999998,120.35838576470275
415,鳳山區,縣衙里,22.6265219,120.35794729596685
416,鳳山區,曹公里,22.6301304,120.35885086129525
417,鳳山區,鎮西里,22.6291067,120.35429499707163
418,鳳山區,北門里,22.6344583,120.36535064458802
419,鳳山區,鎮北里,22.64200825,120.37228549362572
420,鳳山區,武松里,22.63819245,120.3635666561932
421,鳳山區,忠誠里,22.644439249999998,120.36713218706512
422,鳳山區,文英里,22.637392900000002,120.35812522238703
423,鳳山區,文華里,22.63388915,120.35573054431075
424,鳳山區,文山里,22.642951099999998,120.36133630157025
425,鳳山區,文德里,22.64362535,120.35091810541728
426,鳳山區,文衡里,22.639495150000002,120.3521924893488
427,鳳山區,文福里,22.63526725,120.34797146635258
428,鳳山區,成功里,22.62383425,120.35846789414927
429,鳳山區,縣口里,22.62530115,120.35802275499606
430,鳳山區,光明里,22.6261642,120.36030828086687
431,鳳山區,和德里,22.6189823,120.36028299813916
432,鳳山區,和興里,22.6165464,120.35629900476074
433,鳳山區,南興里,22.62237145,120.36039751096601
434,鳳山區,三民里,22.62376875,120.36323987436633
435,鳳山區,新興里,22.62653845,120.36267928259454
436,鳳山區,興仁里,22.622131,120.35746334457417
437,鳳山區,興中里,22.622057599999998,120.35444038126488
438,鳳山區,協和里,22.622108599999997,120.3487864965607
439,鳳山區,忠義里,22.6274964,120.35033841465699
440,鳳山區,忠孝里,22.63151015,120.34793951117314
441,鳳山區,中和里,22.6262695,120.34674978626637
442,鳳山區,誠義里,22.61194555,120.35953947828719
443,鳳山區,生明里,22.6176615,120.36303333968434
444,鳳山區,鎮東里,22.6226923,120.3658391174398
445,鳳山區,瑞竹里,22.62588365,120.37080667232632
446,鳳山區,瑞興里,22.627701000000002,120.3671830192175
447,鳳山區,東門里,22.62419585,120.37292898675935
448,鳳山區,誠德里,22.62447005,120.37661180657398
449,鳳山區,誠智里,22.61433795,120.37380244433378
450,鳳山區,誠信里,22.621620649999997,120.37389082276012
451,鳳山區,鳳東里,22.626170799999997,120.38141530259222
452,鳳山區,埤頂里,22.63202095,120.37693972483042
453,鳳山區,中正里,22.629476750000002,120.3718238881099
454,鳳山區,海光里,22.63301795,120.37103611570711
455,鳳山區,國泰里,22.615777100000003,120.35218236221037
456,鳳山區,國光里,22.617829550000003,120.34812865924388
457,鳳山區,國隆里,22.61814635,120.34630039633859
458,鳳山區,國富里,22.616521849999998,120.35014724020968
459,鳳山區,武漢里,22.611202849999998,120.33505715184621
460,鳳山區,武慶里,22.615528400000002,120.33198571707553
461,鳳山區,新甲里,22.607099400000003,120.3431317910129
462,鳳山區,新樂里,22.6093232,120.34253254492708
463,鳳山區,新泰里,22.611317200000002,120.34533854822425
464,鳳山區,新武里,22.6080593,120.33899630947053
465,鳳山區,新強里,22.6175645,120.34205398438931
466,鳳山區,新富里,22.61516665,120.34506651387045
467,鳳山區,海洋里,22.6125599,120.3469005769762
468,鳳山區,老爺里,22.60774965,120.34648379440318
469,鳳山區,中崙里,22.6054343,120.34860653188123
470,鳳山區,中榮里,22.60380855,120.35371012128769
471,鳳山區,中民里,22.604252799999998,120.35211969378712
472,鳳山區,過埤里,22.5994508,120.36324513942495
473,鳳山區,正義里,22.602492650000002,120.34029964755754
474,鳳山區,保安里,22.596387800000002,120.3491045541065
475,鳳山區,一甲里,22.600681899999998,120.33721018249307
476,鳳山區,二甲里,22.59685475,120.3401743345745
477,鳳山區,鎮南里,22.5963543,120.33110428719519
478,鳳山區,龍成里,22.5979056,120.32787366890429
479,鳳山區,富甲里,22.59966085,120.33453874260425
480,鳳山區,富榮里,22.5965414,120.33673845516489
481,鳳山區,善美里,22.6012125,120.33385000168468
482,鳳山區,南成里,22.59028275,120.34430978304724
483,鳳山區,南和里,22.5942936,120.3328842295
484,鳳山區,天興里,22.5920584,120.32977709066174
485,鳳山區,大德里,22.589565,120.33196473756647
486,鳳山區,五福里,22.59002195,120.32596897798497
487,鳳山區,福興里,22.5879167,120.32763355251974
488,鳳山區,福誠里,22.594792599999998,120.32424801571767
489,鳳山區,福祥里,22.59259145,120.32616020823022
490,岡山區,潭底里,22.832628,120.307576553914
491,岡山區,嘉峰里,22.8323215,120.31979042560175
492,岡山區,嘉興里,22.82289985,120.30565785751685
493,岡山區,華崗里,22.821635,120.3271401713483
494,岡山區,三和里,22.825156,120.34086893715903
495,岡山區,大莊里,22.807641699999998,120.32346070944445
496,岡山區,為隨里,22.818838200000002,120.28967158384125
497,岡山區,前峰里,22.798089,120.27967538613203
498,岡山區,岡山里,22.798330999999997,120.29510470966213
499,岡山區,本洲里,22.810851200000002,120.26623270332797
500,岡山區,灣裡里,22.810801499999997,120.28343633967391
501,岡山區,竹圍里,22.804831999999998,120.30715495081532
502,岡山區,協和里,22.7967265,120.27237578106326
503,岡山區,石潭里,22.7716405,120.26785942187499
504,岡山區,福興里,22.779054600000002,120.26891814383029
505,岡山區,後協里,22.787088500000003,120.2771928782188
506,岡山區,協榮里,22.78178465,120.27875546287345
507,岡山區,白米里,22.7733946,120.28340103580291
508,岡山區,劉厝里,22.7780265,120.2939638801079
509,岡山區,忠孝里,22.789382000000003,120.29362536426117
510,岡山區,仁義里,22.786661000000002,120.29409089270919
511,岡山區,和平里,22.783537,120.30443058922316
512,岡山區,信義里,22.7864155,120.2888280356353
513,岡山區,壽峰里,22.7993135,120.28530984693901
514,岡山區,大遼里,22.77901795,120.30750554833588
515,岡山區,碧紅里,22.7941635,120.30259921286361
516,岡山區,後紅里,22.789334,120.30090437542614
517,岡山區,平安里,22.7928015,120.29456251595744
518,岡山區,維仁里,22.793371999999998,120.2917944793578
519,岡山區,台上里,22.8080755,120.29902443351608
520,岡山區,壽天里,22.7999505,120.29082264939325
521,岡山區,仁壽里,22.7927985,120.28597594372991
522,岡山區,程香里,22.7920205,120.30843485399713
523,旗山區,太平里,22.8845545,120.47689686842105
524,旗山區,大德里,22.881699,120.4845551650613
525,旗山區,湄洲里,22.888157,120.48107929310731
526,旗山區,圓富里,22.92481265,120.4941825467817
527,旗山區,中正里,22.933711000000002,120.51113864107485
528,旗山區,大林里,22.958677,120.51467232802548
529,旗山區,上洲里,22.8591475,120.46997183451958
530,旗山區,新光里,22.8333755,120.4522663728971
531,旗山區,南勝里,22.798531750000002,120.44261283975518
532,旗山區,中寮里,22.817769499999997,120.42858897928201
533,旗山區,東平里,22.89561025,120.49762903515264
534,旗山區,東昌里,22.865839649999998,120.48507942143891
535,旗山區,竹峰里,22.895502999999998,120.46956475628932
536,旗山區,瑞吉里,22.8930175,120.48532891066856
537,旗山區,永和里,22.910043,120.48556692944743
538,旗山區,三協里,22.8759312,120.46785756275074
539,旗山區,鯤洲里,22.849884,120.47864340431418
540,旗山區,大山里,22.850151,120.46032002724638
541,旗山區,中洲里,22.8419405,120.47539364623955
542,旗山區,南洲里,22.8389315,120.45979693185848
543,旗山區,廣福里,22.8478132,120.50250136876804
544,美濃區,中圳里,22.917920000000002,120.54483454007197
545,美濃區,東門里,22.895903,120.5507424930748
546,美濃區,泰安里,22.9027015,120.54128215987654
547,美濃區,瀰濃里,22.908882,120.53327535864133
548,美濃區,合和里,22.889924999999998,120.55786150385507
549,美濃區,福安里,22.8894968,120.5168260487034
550,美濃區,興隆里,22.9277515,120.56738446859666
551,美濃區,中壇里,22.873368999999997,120.54414163791677
552,美濃區,德興里,22.876883499999998,120.52520447395833
553,美濃區,祿興里,22.885724500000002,120.54194302012733
554,美濃區,廣德里,22.9075845,120.56515206513647
555,美濃區,吉東里,22.855468000000002,120.54383923289126
556,美濃區,吉和里,22.8526392,120.52629234855908
557,美濃區,吉洋里,22.8391236,120.52992486414736
558,美濃區,清水里,22.868522,120.52042133477508
559,美濃區,龍山里,22.869091,120.55520035223049
560,美濃區,獅山里,22.8541305,120.57061593707924
561,美濃區,龍肚里,22.890526,120.58326315872236
562,美濃區,廣林里,22.9432975,120.59996048566546
563,大寮區,三隆里,22.597178,120.41292173663288
564,大寮區,上寮里,22.60044075,120.43137231639555
565,大寮區,大寮里,22.5908735,120.41536052307308
566,大寮區,山頂里,22.6068145,120.38637203684284
567,大寮區,中興里,22.618414,120.38654253906898
568,大寮區,中庄里,22.631504,120.39619265084622
569,大寮區,內坑里,22.59100495,120.38672947120159
570,大寮區,永芳里,22.6074825,120.39929506248824
571,大寮區,光武里,22.611047499999998,120.38142239743033
572,大寮區,江山里,22.636362,120.40946742567567
573,大寮區,忠義里,22.61839105,120.38185036771415
574,大寮區,前庄里,22.621789,120.39461695074627
575,大寮區,後庄里,22.63712485,120.38594898052041
576,大寮區,拷潭里,22.578644,120.38908535962192
577,大寮區,昭明里,22.543211499999998,120.40929972680608
578,大寮區,琉球里,22.612367300000003,120.42173783024667
579,大寮區,翁園里,22.6236935,120.40768083125808
580,大寮區,新厝里,22.5659001,120.40580564481238
581,大寮區,會社里,22.598447,120.39575074825174
582,大寮區,會結里,22.5477609,120.42535940851627
583,大寮區,溪寮里,22.6266509,120.42274825422086
584,大寮區,義仁里,22.544799599999997,120.40181368282441
585,大寮區,義和里,22.64333965,120.42586391299395
586,大寮區,過溪里,22.580326499999998,120.4195476767561
587,大寮區,潮寮里,22.56933855,120.43186164137279
588,林園區,林園里,22.5108595,120.39653204763621
589,林園區,東林里,22.5012865,120.39811420833334
590,林園區,文賢里,22.5004585,120.3925095009958
591,林園區,仁愛里,22.5064535,120.39107455397196
592,林園區,林內里,22.5318215,120.40588361846537
593,林園區,中厝里,22.529624499999997,120.39477903526972
594,林園區,潭頭里,22.525581000000003,120.4079487841937
595,林園區,溪州里,22.5106014,120.41174444592299
596,林園區,五福里,22.4989446,120.40337909722223
597,林園區,北汕里,22.483071,120.41512636332419
598,林園區,中汕里,22.4811665,120.40838013416993
599,林園區,東汕里,22.47712875,120.4131801783708
600,林園區,西汕里,22.4793715,120.40416468209344
601,林園區,鳳芸里,22.485138499999998,120.39760154178502
602,林園區,中芸里,22.488962,120.39666824878157
603,林園區,西溪里,22.491453,120.39075249937085
604,林園區,港嘴里,22.4955675,120.38495000212464
605,林園區,港埔里,22.4973895,120.37861670080383
606,林園區,頂厝里,22.5033605,120.3821100027834
607,林園區,中門里,22.5066615,120.36757791045918
608,林園區,龔厝里,22.514088,120.37166527377519
609,林園區,林家里,22.5181635,120.37756206459515
610,林園區,王公里,22.513015000000003,120.39167406998841
611,林園區,廣應里,22.5169355,120.38491184241245
612,仁武區,仁和里,22.67872465,120.35363871209873
613,仁武區,文武里,22.70433235,120.35638158313955
614,仁武區,仁武里,22.698395050000002,120.34379880678941
615,仁武區,後安里,22.714301,120.34212975509296
616,仁武區,中華里,22.71245905,120.32959157661986
617,仁武區,五和里,22.690938000000003,120.32958279860203
618,仁武區,八卦里,22.685350399999997,120.33709289169533
619,仁武區,烏林里,22.69623885,120.37475664311515
620,仁武區,仁慈里,22.6725741,120.35756595881051
621,仁武區,考潭里,22.6806627,120.36604697981195
622,仁武區,灣內里,22.6854979,120.35339563820293
623,仁武區,赤山里,22.67664715,120.34716663994234
624,仁武區,仁福里,22.7210168,120.38789269461135
625,仁武區,大灣里,22.675675,120.33635804349314
626,仁武區,高楠里,22.6900921,120.3245672383081
627,仁武區,竹後里,22.708202149999998,120.33507572302311
628,路竹區,下坑里,22.85750415,120.29693447769145
629,路竹區,文北里,22.863703,120.24704531667538
630,路竹區,甲北里,22.88574,120.27017078226639
631,路竹區,竹南里,22.845526,120.25969496484481
632,路竹區,社中里,22.866315,120.26775625357143
633,路竹區,社南里,22.8559485,120.26871047280335
634,路竹區,頂寮里,22.8615405,120.22341172107991
635,路竹區,三爺里,22.8326421,120.28241684539037
636,路竹區,北嶺里,22.828965,120.26581706069308
637,路竹區,竹東里,22.865332,120.25772099629178
638,路竹區,竹園里,22.881853550000002,120.2872267163306
639,路竹區,社東里,22.854059499999998,120.28204613810531
640,路竹區,後鄉里,22.841276999999998,120.24150897628013
641,路竹區,鴨寮里,22.846224499999998,120.27531439545783
642,路竹區,文南里,22.8487485,120.25151138760663
643,路竹區,甲南里,22.876717499999998,120.26155288834647
644,路竹區,竹西里,22.8659185,120.25146571950191
645,路竹區,竹滬里,22.86195,120.23470883483034
646,路竹區,社西里,22.867741000000002,120.26222789528944
647,路竹區,新達里,22.8462525,120.22926927119448
648,大樹區,九曲里,22.65237705,120.42823487803031
649,大樹區,久堂里,22.658281000000002,120.41571771938865
650,大樹區,水安里,22.655965549999998,120.40564872604524
651,大樹區,水寮里,22.6661496,120.40896644695022
652,大樹區,井腳里,22.677027,120.40103040219219
653,大樹區,檨腳里,22.6926225,120.43827117349227
654,大樹區,龍目里,22.69183,120.40733013211381
655,大樹區,興山里,22.6965505,120.42342625995298
656,大樹區,和山里,22.709642549999998,120.40587542149254
657,大樹區,姑山里,22.706781,120.43068863793104
658,大樹區,三和里,22.72830555,120.4142968901923
659,大樹區,小坪里,22.6840015,120.40503928385417
660,大樹區,大坑里,22.71099,120.44390503517234
661,大樹區,大樹里,22.68196595,120.43007363764511
662,大樹區,竹寮里,22.66946685,120.4281333045641
663,大樹區,溪埔里,22.726396,120.44818391668241
664,大樹區,興田里,22.74273,120.43816820289666
665,大樹區,統嶺里,22.764925849999997,120.43581090213519
666,鳥松區,大竹里,22.673023,120.39364981364434
667,鳥松區,大華里,22.6575792,120.33937291920111
668,鳥松區,仁美里,22.64935785,120.38743311152689
669,鳥松區,鳥松里,22.658995150000003,120.35924265875224
670,鳥松區,華美里,22.6651131,120.39963626285045
671,鳥松區,夢裡里,22.67955035,120.37918302162865
672,鳥松區,坔埔里,22.66341595,120.38126562472976
673,梓官區,大舍里,22.750464,120.25735649541264
674,梓官區,中崙里,22.7613521,120.2729921798817
675,梓官區,同安里,22.748417449999998,120.26813676242898
676,梓官區,赤西里,22.7350659,120.24776217447175
677,梓官區,赤東里,22.7400165,120.25205255990869
678,梓官區,赤崁里,22.74583965,120.25119536902722
679,梓官區,典寶里,22.7379195,120.26167974570522
680,梓官區,信蚵里,22.724439349999997,120.25449578278344
681,梓官區,茄苳里,22.7351775,120.25465121731806
682,梓官區,梓平里,22.755435,120.26088231890459
683,梓官區,梓和里,22.758885499999998,120.26260406676136
684,梓官區,梓信里,22.766052000000002,120.26118798110065
685,梓官區,梓義里,22.76035,120.2543847640303
686,梓官區,智蚵里,22.72876495,120.26056559606478
687,梓官區,禮蚵里,22.73249915,120.25027082648796
688,橋頭區,三德里,22.7514008,120.28936635705927
689,橋頭區,中崎里,22.7647019,120.32594372687186
690,橋頭區,仕和里,22.75103575,120.30366377135891
691,橋頭區,仕隆里,22.752900099999998,120.31026654265378
692,橋頭區,仕豐里,22.7478934,120.30743288819636
693,橋頭區,甲北里,22.7413686,120.2977175650462
694,橋頭區,甲南里,22.742299000000003,120.28996989477147
695,橋頭區,白樹里,22.7590721,120.30180121017986
696,橋頭區,西林里,22.76544295,120.28685472654672
697,橋頭區,芋寮里,22.75983805,120.2823249425856
698,橋頭區,東林里,22.7634658,120.29629848039953
699,橋頭區,頂鹽里,22.7430294,120.27810192506578
700,橋頭區,筆秀里,22.7692301,120.30383531478785
701,橋頭區,新莊里,22.7423568,120.3085389221271
702,橋頭區,德松里,22.76420815,120.30489056356456
703,橋頭區,橋南里,22.7471022,120.3206373476002
704,橋頭區,橋頭里,22.7610411,120.31074166678657
705,茄萣區,大定里,22.8963865,120.19316146443
706,茄萣區,吉定里,22.8894248,120.19143128989461
707,茄萣區,崎漏里,22.87027425,120.2047761920225
708,茄萣區,白雲里,22.9096755,120.1865867822624
709,茄萣區,和協里,22.8986285,120.18731730743244
710,茄萣區,萬福里,22.911357000000002,120.1786166202777
711,茄萣區,光定里,22.892177,120.1866923526616
712,茄萣區,保定里,22.900886999999997,120.19521361507633
713,茄萣區,福德里,22.91663815,120.18601805097953
714,茄萣區,嘉安里,22.901887000000002,120.18791661984537
715,茄萣區,嘉福里,22.8970815,120.18127337543405
716,茄萣區,嘉定里,22.8960965,120.18263138631605
717,茄萣區,嘉樂里,22.9007055,120.18860874073359
718,茄萣區,嘉泰里,22.898398999999998,120.18181042654994
719,茄萣區,嘉賜里,22.904277999999998,120.18615414794796
720,大社區,嘉誠里,22.75064665,120.39005148061756
721,大社區,保社里,22.746276299999998,120.35157774248808
722,大社區,保安里,22.738204250000003,120.3574709998557
723,大社區,觀音里,22.72350565,120.35736818537157
724,大社區,三奶里,22.723940900000002,120.33966368330837
725,大社區,中里里,22.71764845,120.362039073876
726,大社區,神農里,22.729151299999998,120.36409394955521
727,大社區,翠屏里,22.73202,120.36141554493446
728,大社區,大社里,22.73564645,120.37178595588365
729,燕巢區,金山里,22.8069215,120.40216095726916
730,燕巢區,尖山里,22.8149734,120.3727375140297
731,燕巢區,橫山里,22.76236815,120.37341827915476
732,燕巢區,西燕里,22.8047495,120.34886961904762
733,燕巢區,東燕里,22.793591999999997,120.38327550566038
734,燕巢區,南燕里,22.7858835,120.3684057054603
735,燕巢區,角宿里,22.7733307,120.3479227374477
736,燕巢區,深水里,22.7851644,120.40337005807012
737,燕巢區,安招里,22.7871065,120.33878708210138
738,燕巢區,鳳雄里,22.756614,120.35083772669984
739,燕巢區,瓊林里,22.794169500000002,120.32778890603942
740,阿蓮區,阿蓮里,22.8857083,120.33726913182036
741,阿蓮區,南蓮里,22.8748045,120.33198482961345
742,阿蓮區,清蓮里,22.877578,120.32732751431182
743,阿蓮區,和蓮里,22.8812735,120.323608414966
744,阿蓮區,青旗里,22.892976500000003,120.32199367495681
745,阿蓮區,石安里,22.8907395,120.30799436403686
746,阿蓮區,中路里,22.8932866,120.29377232172752
747,阿蓮區,港後里,22.86817545,120.31373975474138
748,阿蓮區,崗山里,22.86087,120.33263016666666
749,阿蓮區,復安里,22.84703585,120.33174720533708
750,阿蓮區,峰山里,22.8735202,120.34689241595564
751,阿蓮區,玉庫里,22.846474999999998,120.30994972203231
752,湖內區,大湖里,22.88949415,120.24669623483535
753,湖內區,湖內里,22.878158499999998,120.23752570704056
754,湖內區,湖東里,22.877809,120.24848114655077
755,湖內區,田尾里,22.897838999999998,120.24264229587115
756,湖內區,劉家里,22.888965,120.21476757926888
757,湖內區,海埔里,22.8993015,120.2228597793295
758,湖內區,海山里,22.8839405,120.22327684228188
759,湖內區,公館里,22.9043615,120.2264213132735
760,湖內區,太爺里,22.9073207,120.23013426479581
761,湖內區,葉厝里,22.9071311,120.21860183883913
762,湖內區,中賢里,22.8997185,120.20343089056155
763,湖內區,逸賢里,22.900016,120.2122729503345
764,湖內區,文賢里,22.9116362,120.20810506360759
765,湖內區,忠興里,22.91464325,120.1971232732983
766,彌陀區,文安里,22.794194,120.23716012365641
767,彌陀區,光和里,22.784882,120.23227805424747
768,彌陀區,南寮里,22.75599225,120.24346425505985
769,彌陀區,海尾里,22.774696,120.2374420884171
770,彌陀區,過港里,22.7884225,120.24054251167726
771,彌陀區,漯底里,22.766105500000002,120.24558094561911
772,彌陀區,彌仁里,22.781372500000003,120.24691138202247
773,彌陀區,彌陀里,22.7761785,120.25423062932015
774,彌陀區,彌靖里,22.7856785,120.24995761998488
775,彌陀區,彌壽里,22.779527,120.24645461822371
776,彌陀區,舊港里,22.7972932,120.22542186932549
777,彌陀區,鹽埕里,22.7915998,120.24808592227005
778,內門區,三平里,22.9639555,120.45128563571531
779,內門區,中埔里,22.929428,120.4418123997306
780,內門區,永吉里,22.981747,120.4888501813796
781,內門區,永富里,22.95487,120.49556055856573
782,內門區,永興里,22.98256865,120.50938779717676
783,內門區,石坑里,22.961551999999998,120.48073182520325
784,內門區,光興里,22.941422,120.44557114624725
785,內門區,東埔里,22.92811125,120.47284651598102
786,內門區,金竹里,23.01489695,120.51574459355163
787,內門區,溝坪里,23.003753,120.49318932858301
788,內門區,瑞山里,22.899999700000002,120.43442030556955
789,內門區,觀亭里,22.917999000000002,120.4552272216495
790,內門區,木柵里,22.9728365,120.46900328240741
791,內門區,內東里,22.92335895,120.42815376268133
792,內門區,內門里,22.942402,120.46573704910715
793,內門區,內南里,22.902361499999998,120.45887140738637
794,內門區,內興里,22.9934594,120.46993447441861
795,六龜區,大津里,22.904681349999997,120.65327706161617
796,六龜區,中興里,22.9646325,120.65749369646122
797,六龜區,六龜里,23.015688,120.63611003117722
798,六龜區,文武里,22.96766975,120.63911405886694
799,六龜區,荖濃里,23.0819767,120.66460447947742
800,六龜區,新威里,22.907223000000002,120.61921190602678
801,六龜區,新發里,23.0493115,120.69426486139801
802,六龜區,新寮里,22.88995015,120.61027592923969
803,六龜區,新興里,22.9152985,120.64346120778603
804,六龜區,義寶里,22.996802000000002,120.62471332948317
805,六龜區,興龍里,23.00452,120.65881591554054
806,六龜區,寶來里,23.111517999999997,120.7248700263049
807,永安區,永安里,22.8252015,120.22424417873012
808,永安區,保寧里,22.83031955,120.23638482957077
809,永安區,維新里,22.808223599999998,120.24413193798814
810,永安區,永華里,22.811736500000002,120.22519724959854
811,永安區,新港里,22.82531535,120.2107559134582
812,永安區,鹽田里,22.8388231,120.21585863610893
813,杉林區,上平里,22.975244500000002,120.54912095036872
814,杉林區,月眉里,22.957589499999997,120.55602841084436
815,杉林區,月美里,22.939494449999998,120.53458787184807
816,杉林區,木梓里,23.0371641,120.52843035817064
817,杉林區,杉林里,22.9967069,120.5452377532468
818,杉林區,集來里,23.0112259,120.59705745677164
819,杉林區,新庄里,22.9854885,120.57049730037284
820,田寮區,七星里,22.8227237,120.40273312780907
821,田寮區,三和里,22.875924,120.4033072851216
822,田寮區,大同里,22.8469055,120.38196746221456
823,田寮區,古亭里,22.90292305,120.40065924305846
824,田寮區,田寮里,22.8452785,120.42200314758651
825,田寮區,西德里,22.8918515,120.3662190704664
826,田寮區,南安里,22.8605029,120.38818933262418
827,田寮區,崇德里,22.885601,120.38697307098221
828,田寮區,鹿埔里,22.883079000000002,120.42447211150636
829,田寮區,新興里,22.837425500000002,120.35900750881387
830,甲仙區,東安里,23.0847037,120.6151358136783
831,甲仙區,西安里,23.06006,120.60391853286498
832,甲仙區,和安里,23.09655965,120.59109285743604
833,甲仙區,大田里,23.070526100000002,120.57115707207153
834,甲仙區,寶隆里,23.050154300000003,120.56485356564838
835,甲仙區,關山里,23.125200999999997,120.63286593791187
836,甲仙區,小林里,23.16206455,120.65126143569518
837,桃源區,拉芙蘭里,23.229124,120.83972642780749
838,桃源區,梅山里,23.3481275,120.91445588500429
839,桃源區,復興里,23.2119465,120.8071621804813
840,桃源區,桃源里,23.164490999999998,120.75235453036177
841,桃源區,高中里,23.1495365,120.70774765369471
842,桃源區,建山里,23.1127915,120.679977664846
843,桃源區,寶山里,23.052251,120.79683520573077
844,茂林區,茂林里,22.881489600000002,120.67841858076491
845,茂林區,萬山里,22.926725400000002,120.67902270129679
846,茂林區,多納里,22.9187695,120.75887331096463
847,那瑪夏區,南沙魯里,23.2077126,120.69839766422396
848,那瑪夏區,瑪雅里,23.2465391,120.68765782697133
849,那瑪夏區,達卡努瓦里,23.3067493,120.76178397822144
